<?xml version="1.0" encoding="UTF-8"?>
<!--Configuration后面的status，这个用于设置log4j2自身内部的信息输出，可以不设置-->
<!--monitorInterval：Log4j能够自动检测修改配置 文件和重新配置本身，设置间隔秒数-->
<configuration status="WARN" monitorInterval="30">
    <!--先定义所有的appender-->
    <appenders>
        <!--输出到控制台-->
        <console name="Console" target="SYSTEM_OUT">
            <!--输出日志的格式-->
            <PatternLayout pattern="[%d{HH:mm:ss:SSS}] [%p] - %l - %m%n"/>
        </console>
        <!--文件滚动, 这个会打印出所有的info及以下级别的信息，每次大小超过size，则这size大小的日志会自动存入按年份-月份建立的文件夹下面并进行压缩，作为存档-->
        <RollingFile name="RollingFileInfo" fileName="logs/info.log"
                     filePattern="logs/info-%d{yyyy-MM-dd}-%i.log">
            <!--文件中只输出level及以上级别的信息（onMatch），其他的直接拒绝（onMismatch）-->
            <ThresholdFilter level="info" onMatch="ACCEPT" onMismatch="DENY"/>
            <PatternLayout pattern="[%d{HH:mm:ss:SSS}] [%p] - %l - %m%n"/>
            <Policies>
                <!-- 每隔1天生成一个日志，时间单位由 filePattern 的最小单位决定，最小粒度为天，则以天为单位，最小粒度为小时，则以小时为单位-->
                <TimeBasedTriggeringPolicy interval="1"/>
                <SizeBasedTriggeringPolicy size="100 MB"/>		<!-- 一个日志文件的最大大小 -->
            </Policies>
        </RollingFile>


    </appenders>
    <!--然后定义logger，只有定义了logger并引入的appender，appender才会生效-->
    <loggers>
        <!--过滤掉spring和mybatis的一些无用的DEBUG信息-->
        <logger name="org.springframework" level="INFO"></logger>
        <logger name="org.mybatis" level="INFO"></logger>
        <!-- 日志记录级别: DEBUG < INFO < WARN < ERROR < FETAL -->
        <root level="all">
            <appender-ref ref="Console"/>
            <appender-ref ref="RollingFileInfo"/>
        </root>
    </loggers>
</configuration>
