<?xml version="1.0" encoding="UTF-8"?>
<root>
	<department id="1" name="研发部"/>
	<department id="2" name="市场部"/>
	
	<user id="1000"  name="jack" pwd="123">
		<!-- 依赖注入 DI -->  
		<dep ref="1"/>
	</user>
	<user id="1001"  name="rose" pwd="123">
		<dep ref="1"/>
	</user>
	<user id="1002"  name="mike" pwd="123">
		<dep ref="2"/>
	</user>
</root>

<!--
	Department
		int id;
		String name;

	User
		int id;
		String name;
		String pwd;
		Department dep;
 -->
